date,keyword,position,url
2026-08-27,tarots gratuits oui ou non,>100,
2026-08-27,tarots amour gratuits,>100,
2026-08-27,tarots amour,>100,
2026-08-27,tirage oui non gratuit fiable,>100,
2026-08-27,tirage gratuit oui non,>100,
2026-08-27,tirages tarots gratuits amour,>100,
2026-08-27,tirage tarots amour gratuit,>100,
2026-08-27,voyance gratuite amour,>100,
2026-08-27,tirage tarots gratuit oui non,>100,
2026-08-27,tarots amour oui non,>100,
2026-08-27,oracle amour gratuit,>100,
2026-08-27,voyance amour,>100,
2026-08-27,voyant amour,>100,
2026-08-27,tirage carte gratuit amour,>100,
2026-08-27,avenir amoureux avec une personne gratuit,>100,
2026-08-27,oracle de l'amour gratuit,>100,
2026-08-27,voyance gratuite immediate amour,>100,
2026-08-27,voyance amoureuse gratuite en ligne,>100,
2026-08-27,boule de cristal gratuite amour,>100,
2026-08-27,tirage célibataires,>100,
